<?xml version="1.0" encoding="UTF-8"?>
<feature
      id="org.polarion.eclipse.team.svn.connector.javahl19.win64"
      label="%featureName"
      version="6.0.0.I20160427-1700"
      provider-name="%providerName"
      os="win32"
      arch="x86_64"
      colocation-affinity="org.polarion.eclipse.team.svn.connector.javahl19">
   <install-handler/>

   <description>
      Win64 binaries for the JavaHL SVN connector. Select only if you use Win64 platform and plan to install JavaHL SVN connector.
   </description>

   <license url="license.html">
      %license
   </license>

   <url>
      <update label="%updateSiteName" url="http://community.polarion.com/projects/subversive/download/eclipse/6.0/update-site/"/>
      <discovery label="%discoverySiteName" url="http://community.polarion.com/projects/subversive/download/eclipse/6.0/update-site/"/>
   </url>

   <requires>
      <import plugin="org.polarion.eclipse.team.svn.connector.javahl19" version="6.0.0.I20160427-1700" match="compatible"/>
      <import feature="org.polarion.eclipse.team.svn.connector"/>
   </requires>

   <plugin
         id="org.polarion.eclipse.team.svn.connector.javahl19.win64"
         os="win32"
         arch="x86_64"
         download-size="2100"
         install-size="4700"
         version="6.0.0.I20160427-1700"
         fragment="true"/>

</feature>
