<?xml version="1.0" encoding="UTF-8"?>
<!--
/*******************************************************************************
 * Copyright (c) 2005, 2016 Spring IDE Developers
 * All rights reserved. This program and the accompanying materials
 * are made available under the terms of the Eclipse Public License v1.0
 * which accompanies this distribution, and is available at
 * http://www.eclipse.org/legal/epl-v10.html
 * 
 * Contributors:
 *     Spring IDE Developers - initial API and implementation
 *******************************************************************************/
 -->
<feature
      id="org.springframework.ide.eclipse.feature"
      label="%featureName"
      version="3.9.6.201809180658-RELEASE"
      provider-name="%providerName"
      plugin="org.springframework.ide.eclipse">

   <description>
      %description
   </description>

   <copyright>
      %copyright
   </copyright>

   <license url="%licenseUrl">
      %license
   </license>

   <requires>
      <import feature="org.eclipse.wst.xml_ui.feature" match="greaterOrEqual"/>
      <import feature="org.eclipse.jdt" version="3.3.0" match="greaterOrEqual"/>
   </requires>

   <plugin
         id="org.springframework.ide.eclipse"
         download-size="22"
         install-size="45"
         version="3.9.6.201809180658-RELEASE"
         unpack="false"/>

   <plugin
         id="org.springframework.ide.eclipse.core"
         download-size="1655"
         install-size="2268"
         version="3.9.6.201809180658-RELEASE"
         unpack="false"/>

   <plugin
         id="org.springframework.ide.eclipse.doc"
         download-size="17"
         install-size="35"
         version="3.9.6.201809180658-RELEASE"
         unpack="false"/>

   <plugin
         id="org.springframework.ide.eclipse.ui"
         download-size="190"
         install-size="398"
         version="3.9.6.201809180658-RELEASE"
         unpack="false"/>

   <plugin
         id="org.springframework.ide.eclipse.beans.core"
         download-size="473"
         install-size="1110"
         version="3.9.6.201809180658-RELEASE"
         unpack="false"/>

   <plugin
         id="org.springframework.ide.eclipse.beans.core.metadata"
         download-size="49"
         install-size="112"
         version="3.9.6.201809180658-RELEASE"
         unpack="false"/>

   <plugin
         id="org.springframework.ide.eclipse.beans.ui"
         download-size="427"
         install-size="915"
         version="3.9.6.201809180658-RELEASE"
         unpack="false"/>

   <plugin
         id="org.springframework.ide.eclipse.beans.ui.graph"
         download-size="93"
         install-size="198"
         version="3.9.6.201809180658-RELEASE"
         unpack="false"/>

   <plugin
         id="org.springframework.ide.eclipse.beans.ui.livegraph"
         download-size="55"
         install-size="113"
         version="3.9.6.201809180658-RELEASE"
         unpack="false"/>

   <plugin
         id="org.springframework.ide.eclipse.beans.ui.editor"
         download-size="294"
         install-size="615"
         version="3.9.6.201809180658-RELEASE"
         unpack="false"/>

   <plugin
         id="org.springframework.ide.eclipse.beans.ui.search"
         download-size="58"
         install-size="121"
         version="3.9.6.201809180658-RELEASE"
         unpack="false"/>

   <plugin
         id="org.springframework.ide.eclipse.beans.ui.refactoring"
         download-size="95"
         install-size="215"
         version="3.9.6.201809180658-RELEASE"
         unpack="false"/>

   <plugin
         id="org.springframework.ide.eclipse.quickfix"
         download-size="373"
         install-size="874"
         version="3.9.6.201809180658-RELEASE"
         unpack="false"/>

   <plugin
         id="org.springframework.ide.eclipse.metadata"
         download-size="124"
         install-size="267"
         version="3.9.6.201809180658-RELEASE"
         unpack="false"/>

   <plugin
         id="org.springframework.ide.eclipse.bestpractices"
         download-size="71"
         install-size="154"
         version="3.9.6.201809180658-RELEASE"
         unpack="false"/>

   <plugin
         id="org.springframework.ide.eclipse.config.core"
         download-size="141"
         install-size="242"
         version="3.9.6.201809180658-RELEASE"
         unpack="false"/>

   <plugin
         id="org.springframework.ide.eclipse.config.graph"
         download-size="234"
         install-size="468"
         version="3.9.6.201809180658-RELEASE"
         unpack="false"/>

   <plugin
         id="org.springframework.ide.eclipse.config.ui"
         download-size="1206"
         install-size="2319"
         version="3.9.6.201809180658-RELEASE"
         unpack="false"/>

   <plugin
         id="org.springframework.ide.eclipse.wizard"
         download-size="753"
         install-size="1166"
         version="3.9.6.201809180658-RELEASE"
         unpack="false"/>

   <plugin
         id="org.springframework.ide.eclipse.buildship"
         download-size="16"
         install-size="34"
         version="3.9.6.201809180658-RELEASE"
         unpack="false"/>

   <plugin
         id="org.springframework.aop"
         download-size="395"
         install-size="875"
         version="4.3.15.20180306-CI"
         unpack="false"/>

   <plugin
         id="org.springframework.beans"
         download-size="789"
         install-size="1968"
         version="4.3.15.20180306-CI"
         unpack="false"/>

   <plugin
         id="org.springframework.context"
         download-size="1201"
         install-size="2741"
         version="4.3.15.20180306-CI"
         unpack="false"/>

   <plugin
         id="org.springframework.context.support"
         download-size="198"
         install-size="438"
         version="4.3.15.20180306-CI"
         unpack="false"/>

   <plugin
         id="org.springframework.core"
         download-size="1175"
         install-size="2389"
         version="4.3.15.20180306-CI"
         unpack="false"/>

   <plugin
         id="org.springframework.expression"
         download-size="274"
         install-size="592"
         version="4.3.15.20180306-CI"
         unpack="false"/>

   <plugin
         id="org.springframework.jdbc"
         download-size="448"
         install-size="977"
         version="4.3.15.20180306-CI"
         unpack="false"/>

   <plugin
         id="org.springframework.jms"
         download-size="303"
         install-size="764"
         version="4.3.15.20180306-CI"
         unpack="false"/>

   <plugin
         id="org.springframework.orm"
         download-size="496"
         install-size="1098"
         version="4.3.15.20180306-CI"
         unpack="false"/>

   <plugin
         id="org.springframework.oxm"
         download-size="92"
         install-size="219"
         version="4.3.15.20180306-CI"
         unpack="false"/>
         
   <plugin
         id="org.springframework.transaction"
         download-size="285"
         install-size="626"
         version="4.3.15.20180306-CI"
         unpack="false"/>

   <plugin
         id="org.springframework.web"
         download-size="862"
         install-size="1868"
         version="4.3.15.20180306-CI"
         unpack="false"/>

   <plugin
         id="org.springframework.web.servlet"
         download-size="947"
         install-size="2358"
         version="4.3.15.20180306-CI"
         unpack="false"/>

   <plugin
         id="javax.validation"
         download-size="64"
         install-size="110"
         version="1.0.0.GA_v201205091237"
         unpack="false"/>

</feature>
